site,location,department,activity,equipment,reporter_role,report_type,narrative
Duliajan Production Installation,Separator Station #4,Mechanical Maintenance,Separator Vessel Inspection,Gas Separator V-102,Lead Operator,near_miss,"During maintenance, a contractor entered the tank to inspect an internal valve. Gas testing was not recorded, the entry permit had expired, and no attendant was positioned outside."
Moran Gathering Station,Manifold Skid B,Pipeline Operations,Flange Unbolting,Main Gathering Line 12-inch,Maintenance Fitter,near_miss,"Mechanical technician attempted to unbolt a pressurized gas line flange before closing isolation block valves. Stored energy was present without LOTO verification."
Drilling Rig OIL-45,Drill Floor / Catwalk,Drilling Services,Tubular Handling,Hydraulic Rig Crane #2,Assistant Driller,near_miss,"During rig operations, a roustabout was walking underneath the suspended load while the crane was slewing a 3-ton casing joint across the drill floor."
Digboi Central Store,Warehouse Bay 3,Materials Management,Housekeeping,Wooden Storage Pallets,Warehouse Helper,near_miss,"Warehouse helper noticed five empty wooden shipping pallets stacked unevenly behind store room and restacked them neatly against the exterior wall."
Naharkatiya Wellhead Cluster,Well NHK-204,Workover Operations,Xmas Tree Servicing,Wellhead Xmas Tree,Rig Supervisor,unsafe_condition,"Discovered casing valve needle valve sheared off with 1200 psi shut-in casing pressure. Wireline grease injector unit was operating nearby without barrier."
Duliajan Gas Processing Plant,Compressor Hall 1,Compression Engineering,Compressor Overhaul,Centrifugal Compressor K-301,Instrumentation Eng,unsafe_act,"Technician bypassed the high vibration emergency shutdown switch using an unapproved copper jumper wire to keep machine running during shift change."
Jorajan Oil Field,Flowline Corridor #8,Civil Maintenance,Pipeline Trenching,CAT Excavator 320D,Safety Inspector,unsafe_condition,"Excavation contractor dug a 2.5 meter deep trench in water-saturated clay soil without trench shoring box or ladder egress while workers were inside laying pipe."
Tinsukia Crude Pump Station,Pump House East,Electrical Engineering,Motor Control Center (MCC),415V Switchgear Panel,Senior Electrician,near_miss,"Electrician opened 415V MCC panel door with live busbars exposed while wearing cotton gloves. No arc flash PPE or calibrated multimeter voltage check performed."
Drilling Rig OIL-78,Derrick Mast,Drilling Services,Derrick Inspection,Rig Derrick Mast,Derrickman,unsafe_act,"Derrickman climbed from monkey board to crown block at 35m height without connecting twin lanyard fall arrest hooks to safety ladder cable sleeve."
Shalmari Drilling Camp,Access Road Mile 4,Logistics & Transport,Pipe Haulage,Heavy Trailer Truck,Transport Officer,unsafe_act,"Trailer truck loaded with drill pipes was driven at 70 km/h on unpaved slippery gravel road during heavy downpour without load strap tension re-check."
Bhogpara OCS #2,Crude Storage Tank T-14,Tank Farm Ops,Sludge Sampling,Crude Oil Storage Tank,Field Operator,near_miss,"Operator climbed tank roof without portable H2S personal monitor or buddy system to take manual dip tape measurement while thief hatch was venting gas."
Duliajan Main Workshop,Welding Bay #2,Mechanical Fabrication,Spool Fabrication,Welding Rectifier Unit,Welding Foreman,unsafe_condition,"Welder was grinding steel pipe spool within 4 meters of solvent cleaning bench where open buckets of flammable degreaser solvent were stored without cover."
Kusijan Well Site #12,Wellhead Pad,Production Engineering,Beam Pump Greasing,Sucker Rod Beam Pump,Pumper,near_miss,"Greaser attempted to apply grease cartridge to walking beam bearing while pump jack counterweights were in active reciprocal motion. Sleeve caught momentarily."
Makum Gas Field,Dehydration Unit #1,Process Operations,Glycol Regeneration,Reboiler Glycol Heater,Shift Chemist,unsafe_condition,"Fuel gas supply pressure regulator to glycol reboiler malfunctioned, causing pilot flame failure with unburned hydrocarbon gas accumulating in firetube."
Kumchai Oil Field,Well Kum-11,Wireline Operations,BOP Pressure Test,Wireline Lubricator BOP,Wireline Specialist,near_miss,"During 5000 psi hydraulic pressure test of wireline lubricator, quick-union connection backed off under pressure due to missing locking collar pin."
Duliajan Power House,DG Set Station #3,Power Plant Services,Generator Maintenance,1.5MW Diesel Generator,Electrical Officer,unsafe_act,"Contractor cleaned oil leaks around live 11kV step-up transformer using conductive metal scraper while adjacent radiator fan was rotating at high speed."
Drilling Rig OIL-19,Mud Pit Area,Drilling Fluids,Mud Chemical Mixing,Mud Mixing Hopper,Mud Engineer,unsafe_condition,"Caustic soda bags were dumped into mud hopper without full face shield or chemical rubber apron. Wind gust blew dry caustic powder toward worker face."
Heera OCS,Flare Knockout Drum,Offshore Operations,Flare Line Inspection,Flare Knockout Drum V-200,Lead Safety Officer,near_miss,"Maintenance crew opened manway bolts on flare drum without verifying upstream bypass valves were double-blocked and bled to atmospheric flare."
Bordubi Gas Station,Pig Launcher Pad,Pipeline Maintenance,Pipeline Pigging,Gas Pipeline Pig Trap,Pipeline Engineer,near_miss,"Operator started opening pig trap closure door hinge while bleed vent valve still showed 15 psi residual gas pressure inside barrel. Door swung violently."
Moran Field Office,Office Building,Administrative Services,Office Relocation,Filing Cabinets,Clerk,near_miss,"Office clerk attempted to move three heavy steel four-drawer filing cabinets at once with top drawers fully loaded and open, causing cabinet to tip."
Drilling Rig OIL-62,Rig Substructure,Drilling Engineering,BOP Stack Installation,13-5/8 inch BOP Stack,Toolpusher,near_miss,"Workers were rigging up choke lines directly beneath the 18-ton BOP stack while it was suspended by hoist winches without mechanical safety latch locks engaged."
Naharkatiya Plant,LPG Recovery Unit,Process Engineering,LPG Sphere Sampling,LPG Storage Sphere S-1,Process Technician,near_miss,"Technician drained LPG sampling cylinder into open concrete drain trough instead of closed flare recovery header, creating localized cold white vapor cloud."
Duliajan Medical Center,Ambulance Bay,Medical Services,Ambulance Readiness,Toyota Emergency Ambulance,Ambulance Driver,near_miss,"Ambulance driver found brake pedal had low pressure during morning check. Master cylinder brake fluid was below minimum level; vehicle grounded for repair."
Borbil Well Cluster,Wellhead Manifold,Production Services,Pressure Survey,Electronic Pressure Gauge,Field Assistant,unsafe_condition,"Pressure survey technician connected needle valve without safety whip check cable on high pressure 5000 psi flexible testing hose line."
Drilling Rig OIL-31,Drill Floor,Drilling Services,Make-up Drill Collars,Hydraulic Roughneck,Roughneck,near_miss,"Drill floor worker placed right hand directly on pipe tool joint while hydraulic roughneck iron roughneck was clamping at 45000 ft-lbs torque."
Digboi Refinery Interface,Transfer Manifold,Dispatch Operations,Crude Custody Transfer,Custody Transfer Meter,Dispatch Supervisor,unsafe_condition,"Isolation ball valve on 10-inch crude oil dispatch header was leaking at valve packing gland at 25 drops per minute near storm drain catch basin."
Duliajan Central IT Server Room,Server Hall 2,Information Technology,UPS Battery Replacement,Online 80kVA UPS,IT Infrastructure Eng,near_miss,"Technician dropped steel wrench across exposed 48V DC battery string terminals, producing heavy electrical spark and localized terminal melting."
Tengakhat Production Station,Gas Metering Skid,Instrumentation,Orifice Plate Inspection,Senior Orifice Meter,Instrument Tech,near_miss,"Technician removed orifice plate carrier bolts on gas line without verifying that five-valve differential pressure transmitter manifold was equalized."
Drilling Rig OIL-55,Catwalk & Pipe Racks,Drilling Services,Tubular Rolling,5-inch Drill Pipes,Pipe Racker,near_miss,"Roustabout pulled pipe stop pin before clearing workers from pipe rack ramp. Two joints of 5-inch drill pipe rolled uncontrolled down the ramp."
Duliajan Chemical Storage Yard,Corrosive Chemical Shed,Drilling Materials,Acid Drum Stacking,Hydrochloric Acid 30% IBC,Warehouse Operator,unsafe_condition,"Discovered IBC plastic container containing 30% HCl acid bulging and leaking from bottom drain valve onto gravel floor without secondary containment bund."
Moran Gas Lift Plant,Compressor Station #2,Production Services,Gas Lift Valve Change,Gas Lift Wellhead GL-08,Production Foreman,near_miss,"Crew pulled gas lift mandrel valve with wireline while lubricator bleed valve was closed and 800 psi annular lift pressure remained active."
Drilling Rig OIL-88,Mud Pump House,Drilling Services,Piston Liner Replacement,Triplex Mud Pump #1,Pump Mechanic,near_miss,"Mechanic was working inside mud pump fluid end while drive belts were not locked out. Remote driller console reset button was energized."
Digboi Oil Field,Gathering Station 5,Field Maintenance,Pipeline Welding,Crude Flowline 6-inch,Welder,near_miss,"Welder struck electric welding arc on active crude flowline without obtaining hot work permit or verifying positive pressure crude flow inside pipe."
Duliajan Telecom Tower,Radio Repeater Site,Telecommunications,Microwave Dish Alignment,60-meter Lattice Tower,Telecom Technician,unsafe_act,"Rigger climbed 60-meter telecom tower without safety harness chin strap fastened and carried loose tools in open pocket rather than secured tool bag."
Naharkatiya Camp,Mess Hall Kitchen,Camp Administration,Cooking Gas Supply,Commercial LPG Cylinders,Catering Supervisor,unsafe_condition,"Four commercial 19kg LPG cylinders in camp kitchen were connected with degraded domestic rubber hose instead of high-pressure braided copper tubing."
Drilling Rig OIL-22,Rig Floor,Drilling Services,Tripping Drill String,Rotary Table Bushing,Floorman,near_miss,"Floorman placed foot onto rotating master bushing to kick slip handles while rotary table was turning at 40 RPM."
Duliajan Logistics Yard,Cranes & Rigging Bay,Heavy Transport,Boom Crane Inspection,50-Ton Mobile Hydraulic Crane,Crane Inspector,unsafe_condition,"Found boom hoist wire rope had three broken strands and crushed core on primary winch drum during pre-dispatch annual statutory examination."
Bhogpara Field,Well BP-18,Production Services,Flowline Purging,Nitrogen Pumping Unit,Service Contractor,near_miss,"Contractor nitrogen pumping truck hose was connected to wellhead flowline without certified hammer union check valve or pressure relief valve installed."
Duliajan Field Workshop,Machine Shop,Mechanical Services,Lathe Machining,Heavy Duty Lathe Machine,Machinist,unsafe_act,"Machinist operated lathe turning a 3-inch steel shaft while wearing long loose sleeve shirt and cotton work gloves near rotating chuck spindle."
Drilling Rig OIL-90,Derrick Monkey Board,Drilling Services,Latching Drill Pipe,Monkey Board Fingerboard,Derrickman,near_miss,"Derrickman unlatched 90-foot drill pipe stand which kicked violently out of fingerboard due to wind gust; derrickman safety harness lanyard prevented fall."
Moran Crude Dispatch Station,Boiler House,Thermal Operations,Steam Boiler Start-up,Package Steam Boiler B-101,Boiler Attendant,near_miss,"Boiler attendant attempted to light boiler burner with manual torch after repeated flame failures without performing mandatory 5-minute furnace purge cycle."
Tinsukia Delivery Point,Road Tanker Gantry,Marketing & Dispatch,Crude Oil Road Loading,Bottom Loading Arm,Gantry Operator,unsafe_act,"Road tanker driver started engine and attempted to drive away from loading island while vapor recovery hose was still securely bolted to tanker dome."
Drilling Rig OIL-04,Rig Camp Area,Administration,Generator Fueling,Fuel Tank Skid,Camp Electrician,unsafe_condition,"Diesel transfer pump ground earthing wire was broken and disconnected from grounding rod while diesel was being pumped into generator service tank."
Duliajan Gas Plant,Cooling Tower #2,Utility Engineering,Fan Blade Replacement,Induced Draft Cooling Fan,Utility Tech,unsafe_act,"Contractor stepped directly onto fiberglass fan shroud cowling without crawl boards; cowling cracked under foot, worker caught handrail to prevent fall."
Drilling Rig OIL-71,Choke Manifold Skid,Well Control,Well Kick Simulation,Hydraulic Choke Console,Toolpusher,near_miss,"During well control drill, remote hydraulic choke valve failed to respond to control console lever because hydraulic accumulator pressure was depleted to zero."
Naharkatiya OCS #1,Separator Platform,Mechanical Maintenance,Level Gauge Glass Service,High Pressure Separator,Instrument Tech,near_miss,"Technician tightened armored level gauge glass bolts under full 450 psi operating gas pressure instead of depressuring and isolating gauge column."
Duliajan Central Chemical Lab,Analytical Testing Lab,Quality Control,Crude Distillation Test,Atmospheric Distillation Unit,Chemist,near_miss,"Chemist was heating 200ml volatile crude sample on open electric hotplate instead of water bath inside certified fume cupboard; vapor flashed momentarily."
Drilling Rig OIL-35,Doghouse,Drilling Services,Log Book Entry,Doghouse Office,Driller,near_miss,"Driller slipped on wet oily steel grating outside doghouse door due to mud splatter from rotary table; no anti-skid coating was present on entrance step."
Jorajan Field,Water Injection Station,Reservoir Operations,High Pressure Pump Overhaul,Quintuplex Water Injection Pump,Pump Tech,unsafe_condition,"High pressure discharge manifold pulsation dampener was charged with compressed air instead of inert dry nitrogen, creating diesel explosion hazard."
Duliajan Security Gate #1,Main Perimeter,Security & Surveillance,Vehicle Inspection,Hydraulic Under-Vehicle Barrier,Security Guard,near_miss,"Security guard inadvertently pressed emergency barrier raise button while OIL staff light vehicle was transiting over flush road plate."
